"Module","TypeName","PageIndex","HasReference","State","StateResult","CaptureResult","CompareResult","DiffRatio","Screenshot","Baseline","Detail"
"Dashboard","HVAC_Pro_Desktop.UI.DashboardForm","0","False","empty","PASS_MUTATED_CONTROLS_1","PASS","NO_BASELINE","","C:\HVAC_PRO_MSE\Docs\UI_QA_Baselines\current\Dashboard\empty.png","C:\HVAC_PRO_MSE\Docs\UI_QA_Baselines\baseline\Dashboard\empty.png","Baseline not found"
"Dashboard","HVAC_Pro_Desktop.UI.DashboardForm","0","False","populated","PASS_MUTATED_CONTROLS_4","PASS","NO_BASELINE","","C:\HVAC_PRO_MSE\Docs\UI_QA_Baselines\current\Dashboard\populated.png","C:\HVAC_PRO_MSE\Docs\UI_QA_Baselines\baseline\Dashboard\populated.png","Baseline not found"
"Dashboard","HVAC_Pro_Desktop.UI.DashboardForm","0","False","long-text","PASS_MUTATED_CONTROLS_1","PASS","NO_BASELINE","","C:\HVAC_PRO_MSE\Docs\UI_QA_Baselines\current\Dashboard\long-text.png","C:\HVAC_PRO_MSE\Docs\UI_QA_Baselines\baseline\Dashboard\long-text.png","Baseline not found"
"Dashboard","HVAC_Pro_Desktop.UI.DashboardForm","0","False","modal","UNSUPPORTED","PASS","UNSUPPORTED","","C:\HVAC_PRO_MSE\Docs\UI_QA_Baselines\current\Dashboard\modal.png","C:\HVAC_PRO_MSE\Docs\UI_QA_Baselines\baseline\Dashboard\modal.png","Native module dialog automation is not implemented for this state."
"Dashboard","HVAC_Pro_Desktop.UI.DashboardForm","0","False","scrolled","PASS_SCROLLED","PASS","NO_BASELINE","","C:\HVAC_PRO_MSE\Docs\UI_QA_Baselines\current\Dashboard\scrolled.png","C:\HVAC_PRO_MSE\Docs\UI_QA_Baselines\baseline\Dashboard\scrolled.png","Baseline not found"
"Clients","HVAC_Pro_Desktop.UI.ClientManagementForm","1","True","empty","PASS_MUTATED_CONTROLS_1","PASS","NO_BASELINE","","C:\HVAC_PRO_MSE\Docs\UI_QA_Baselines\current\Clients\empty.png","C:\HVAC_PRO_MSE\Docs\UI_QA_Baselines\baseline\Clients\empty.png","Baseline not found"
"Clients","HVAC_Pro_Desktop.UI.ClientManagementForm","1","True","populated","PASS_MUTATED_CONTROLS_2","PASS","NO_BASELINE","","C:\HVAC_PRO_MSE\Docs\UI_QA_Baselines\current\Clients\populated.png","C:\HVAC_PRO_MSE\Docs\UI_QA_Baselines\baseline\Clients\populated.png","Baseline not found"
"Clients","HVAC_Pro_Desktop.UI.ClientManagementForm","1","True","long-text","PASS_MUTATED_CONTROLS_1","PASS","NO_BASELINE","","C:\HVAC_PRO_MSE\Docs\UI_QA_Baselines\current\Clients\long-text.png","C:\HVAC_PRO_MSE\Docs\UI_QA_Baselines\baseline\Clients\long-text.png","Baseline not found"
"Clients","HVAC_Pro_Desktop.UI.ClientManagementForm","1","True","modal","UNSUPPORTED","PASS","UNSUPPORTED","","C:\HVAC_PRO_MSE\Docs\UI_QA_Baselines\current\Clients\modal.png","C:\HVAC_PRO_MSE\Docs\UI_QA_Baselines\baseline\Clients\modal.png","Native module dialog automation is not implemented for this state."
"Clients","HVAC_Pro_Desktop.UI.ClientManagementForm","1","True","scrolled","PASS_SCROLLED","PASS","NO_BASELINE","","C:\HVAC_PRO_MSE\Docs\UI_QA_Baselines\current\Clients\scrolled.png","C:\HVAC_PRO_MSE\Docs\UI_QA_Baselines\baseline\Clients\scrolled.png","Baseline not found"
"Contracts","HVAC_Pro_Desktop.UI.ContractManagementForm","2","True","empty","PASS_MUTATED_CONTROLS_12","PASS","NO_BASELINE","","C:\HVAC_PRO_MSE\Docs\UI_QA_Baselines\current\Contracts\empty.png","C:\HVAC_PRO_MSE\Docs\UI_QA_Baselines\baseline\Contracts\empty.png","Baseline not found"
"Contracts","HVAC_Pro_Desktop.UI.ContractManagementForm","2","True","populated","PASS_MUTATED_CONTROLS_11","PASS","NO_BASELINE","","C:\HVAC_PRO_MSE\Docs\UI_QA_Baselines\current\Contracts\populated.png","C:\HVAC_PRO_MSE\Docs\UI_QA_Baselines\baseline\Contracts\populated.png","Baseline not found"
"Contracts","HVAC_Pro_Desktop.UI.ContractManagementForm","2","True","long-text","PASS_MUTATED_CONTROLS_7","PASS","NO_BASELINE","","C:\HVAC_PRO_MSE\Docs\UI_QA_Baselines\current\Contracts\long-text.png","C:\HVAC_PRO_MSE\Docs\UI_QA_Baselines\baseline\Contracts\long-text.png","Baseline not found"
"Contracts","HVAC_Pro_Desktop.UI.ContractManagementForm","2","True","modal","UNSUPPORTED","PASS","UNSUPPORTED","","C:\HVAC_PRO_MSE\Docs\UI_QA_Baselines\current\Contracts\modal.png","C:\HVAC_PRO_MSE\Docs\UI_QA_Baselines\baseline\Contracts\modal.png","Native module dialog automation is not implemented for this state."
"Contracts","HVAC_Pro_Desktop.UI.ContractManagementForm","2","True","scrolled","PASS_SCROLLED","PASS","NO_BASELINE","","C:\HVAC_PRO_MSE\Docs\UI_QA_Baselines\current\Contracts\scrolled.png","C:\HVAC_PRO_MSE\Docs\UI_QA_Baselines\baseline\Contracts\scrolled.png","Baseline not found"
"Invoices","HVAC_Pro_Desktop.UI.InvoiceForm","3","True","empty","PASS_MUTATED_CONTROLS_18","PASS","NO_BASELINE","","C:\HVAC_PRO_MSE\Docs\UI_QA_Baselines\current\Invoices\empty.png","C:\HVAC_PRO_MSE\Docs\UI_QA_Baselines\baseline\Invoices\empty.png","Baseline not found"
"Invoices","HVAC_Pro_Desktop.UI.InvoiceForm","3","True","populated","PASS_MUTATED_CONTROLS_16","PASS","NO_BASELINE","","C:\HVAC_PRO_MSE\Docs\UI_QA_Baselines\current\Invoices\populated.png","C:\HVAC_PRO_MSE\Docs\UI_QA_Baselines\baseline\Invoices\populated.png","Baseline not found"
"Invoices","HVAC_Pro_Desktop.UI.InvoiceForm","3","True","long-text","PASS_MUTATED_CONTROLS_10","PASS","NO_BASELINE","","C:\HVAC_PRO_MSE\Docs\UI_QA_Baselines\current\Invoices\long-text.png","C:\HVAC_PRO_MSE\Docs\UI_QA_Baselines\baseline\Invoices\long-text.png","Baseline not found"
"Invoices","HVAC_Pro_Desktop.UI.InvoiceForm","3","True","modal","UNSUPPORTED","PASS","UNSUPPORTED","","C:\HVAC_PRO_MSE\Docs\UI_QA_Baselines\current\Invoices\modal.png","C:\HVAC_PRO_MSE\Docs\UI_QA_Baselines\baseline\Invoices\modal.png","Native module dialog automation is not implemented for this state."
"Invoices","HVAC_Pro_Desktop.UI.InvoiceForm","3","True","scrolled","PASS_SCROLLED","PASS","NO_BASELINE","","C:\HVAC_PRO_MSE\Docs\UI_QA_Baselines\current\Invoices\scrolled.png","C:\HVAC_PRO_MSE\Docs\UI_QA_Baselines\baseline\Invoices\scrolled.png","Baseline not found"
"Payments","HVAC_Pro_Desktop.UI.PaymentForm","4","True","empty","PASS_MUTATED_CONTROLS_7","PASS","NO_BASELINE","","C:\HVAC_PRO_MSE\Docs\UI_QA_Baselines\current\Payments\empty.png","C:\HVAC_PRO_MSE\Docs\UI_QA_Baselines\baseline\Payments\empty.png","Baseline not found"
"Payments","HVAC_Pro_Desktop.UI.PaymentForm","4","True","populated","PASS_MUTATED_CONTROLS_6","PASS","NO_BASELINE","","C:\HVAC_PRO_MSE\Docs\UI_QA_Baselines\current\Payments\populated.png","C:\HVAC_PRO_MSE\Docs\UI_QA_Baselines\baseline\Payments\populated.png","Baseline not found"
"Payments","HVAC_Pro_Desktop.UI.PaymentForm","4","True","long-text","PASS_MUTATED_CONTROLS_3","PASS","NO_BASELINE","","C:\HVAC_PRO_MSE\Docs\UI_QA_Baselines\current\Payments\long-text.png","C:\HVAC_PRO_MSE\Docs\UI_QA_Baselines\baseline\Payments\long-text.png","Baseline not found"
"Payments","HVAC_Pro_Desktop.UI.PaymentForm","4","True","modal","UNSUPPORTED","PASS","UNSUPPORTED","","C:\HVAC_PRO_MSE\Docs\UI_QA_Baselines\current\Payments\modal.png","C:\HVAC_PRO_MSE\Docs\UI_QA_Baselines\baseline\Payments\modal.png","Native module dialog automation is not implemented for this state."
"Payments","HVAC_Pro_Desktop.UI.PaymentForm","4","True","scrolled","PASS_SCROLLED","PASS","NO_BASELINE","","C:\HVAC_PRO_MSE\Docs\UI_QA_Baselines\current\Payments\scrolled.png","C:\HVAC_PRO_MSE\Docs\UI_QA_Baselines\baseline\Payments\scrolled.png","Baseline not found"
"Quotations","HVAC_Pro_Desktop.UI.TenderBidForm","6","False","empty","PASS_MUTATED_CONTROLS_10","PASS","NO_BASELINE","","C:\HVAC_PRO_MSE\Docs\UI_QA_Baselines\current\Quotations\empty.png","C:\HVAC_PRO_MSE\Docs\UI_QA_Baselines\baseline\Quotations\empty.png","Baseline not found"
"Quotations","HVAC_Pro_Desktop.UI.TenderBidForm","6","False","populated","PASS_MUTATED_CONTROLS_10","PASS","NO_BASELINE","","C:\HVAC_PRO_MSE\Docs\UI_QA_Baselines\current\Quotations\populated.png","C:\HVAC_PRO_MSE\Docs\UI_QA_Baselines\baseline\Quotations\populated.png","Baseline not found"
"Quotations","HVAC_Pro_Desktop.UI.TenderBidForm","6","False","long-text","PASS_MUTATED_CONTROLS_4","PASS","NO_BASELINE","","C:\HVAC_PRO_MSE\Docs\UI_QA_Baselines\current\Quotations\long-text.png","C:\HVAC_PRO_MSE\Docs\UI_QA_Baselines\baseline\Quotations\long-text.png","Baseline not found"
"Quotations","HVAC_Pro_Desktop.UI.TenderBidForm","6","False","modal","UNSUPPORTED","PASS","UNSUPPORTED","","C:\HVAC_PRO_MSE\Docs\UI_QA_Baselines\current\Quotations\modal.png","C:\HVAC_PRO_MSE\Docs\UI_QA_Baselines\baseline\Quotations\modal.png","Native module dialog automation is not implemented for this state."
"Quotations","HVAC_Pro_Desktop.UI.TenderBidForm","6","False","scrolled","PASS_SCROLLED","PASS","NO_BASELINE","","C:\HVAC_PRO_MSE\Docs\UI_QA_Baselines\current\Quotations\scrolled.png","C:\HVAC_PRO_MSE\Docs\UI_QA_Baselines\baseline\Quotations\scrolled.png","Baseline not found"
"Reports","HVAC_Pro_Desktop.UI.ReportForm","7","True","empty","PASS_MUTATED_CONTROLS_0","PASS","NO_BASELINE","","C:\HVAC_PRO_MSE\Docs\UI_QA_Baselines\current\Reports\empty.png","C:\HVAC_PRO_MSE\Docs\UI_QA_Baselines\baseline\Reports\empty.png","Baseline not found"
"Reports","HVAC_Pro_Desktop.UI.ReportForm","7","True","populated","PASS_MUTATED_CONTROLS_2","PASS","NO_BASELINE","","C:\HVAC_PRO_MSE\Docs\UI_QA_Baselines\current\Reports\populated.png","C:\HVAC_PRO_MSE\Docs\UI_QA_Baselines\baseline\Reports\populated.png","Baseline not found"
"Reports","HVAC_Pro_Desktop.UI.ReportForm","7","True","long-text","PASS_MUTATED_CONTROLS_0","PASS","NO_BASELINE","","C:\HVAC_PRO_MSE\Docs\UI_QA_Baselines\current\Reports\long-text.png","C:\HVAC_PRO_MSE\Docs\UI_QA_Baselines\baseline\Reports\long-text.png","Baseline not found"
"Reports","HVAC_Pro_Desktop.UI.ReportForm","7","True","modal","UNSUPPORTED","PASS","UNSUPPORTED","","C:\HVAC_PRO_MSE\Docs\UI_QA_Baselines\current\Reports\modal.png","C:\HVAC_PRO_MSE\Docs\UI_QA_Baselines\baseline\Reports\modal.png","Native module dialog automation is not implemented for this state."
"Reports","HVAC_Pro_Desktop.UI.ReportForm","7","True","scrolled","PASS_SCROLLED","PASS","NO_BASELINE","","C:\HVAC_PRO_MSE\Docs\UI_QA_Baselines\current\Reports\scrolled.png","C:\HVAC_PRO_MSE\Docs\UI_QA_Baselines\baseline\Reports\scrolled.png","Baseline not found"
"Settings","HVAC_Pro_Desktop.UI.SettingsForm","8","True","empty","PASS_MUTATED_CONTROLS_19","PASS","NO_BASELINE","","C:\HVAC_PRO_MSE\Docs\UI_QA_Baselines\current\Settings\empty.png","C:\HVAC_PRO_MSE\Docs\UI_QA_Baselines\baseline\Settings\empty.png","Baseline not found"
"Settings","HVAC_Pro_Desktop.UI.SettingsForm","8","True","populated","PASS_MUTATED_CONTROLS_22","PASS","NO_BASELINE","","C:\HVAC_PRO_MSE\Docs\UI_QA_Baselines\current\Settings\populated.png","C:\HVAC_PRO_MSE\Docs\UI_QA_Baselines\baseline\Settings\populated.png","Baseline not found"
"Settings","HVAC_Pro_Desktop.UI.SettingsForm","8","True","long-text","PASS_MUTATED_CONTROLS_14","PASS","NO_BASELINE","","C:\HVAC_PRO_MSE\Docs\UI_QA_Baselines\current\Settings\long-text.png","C:\HVAC_PRO_MSE\Docs\UI_QA_Baselines\baseline\Settings\long-text.png","Baseline not found"
"Settings","HVAC_Pro_Desktop.UI.SettingsForm","8","True","modal","UNSUPPORTED","PASS","UNSUPPORTED","","C:\HVAC_PRO_MSE\Docs\UI_QA_Baselines\current\Settings\modal.png","C:\HVAC_PRO_MSE\Docs\UI_QA_Baselines\baseline\Settings\modal.png","Native module dialog automation is not implemented for this state."
"Settings","HVAC_Pro_Desktop.UI.SettingsForm","8","True","scrolled","PASS_SCROLLED","PASS","NO_BASELINE","","C:\HVAC_PRO_MSE\Docs\UI_QA_Baselines\current\Settings\scrolled.png","C:\HVAC_PRO_MSE\Docs\UI_QA_Baselines\baseline\Settings\scrolled.png","Baseline not found"
"Vendors","HVAC_Pro_Desktop.UI.VendorForm","9","True","empty","PASS_MUTATED_CONTROLS_25","PASS","NO_BASELINE","","C:\HVAC_PRO_MSE\Docs\UI_QA_Baselines\current\Vendors\empty.png","C:\HVAC_PRO_MSE\Docs\UI_QA_Baselines\baseline\Vendors\empty.png","Baseline not found"
"Vendors","HVAC_Pro_Desktop.UI.VendorForm","9","True","populated","PASS_MUTATED_CONTROLS_25","PASS","NO_BASELINE","","C:\HVAC_PRO_MSE\Docs\UI_QA_Baselines\current\Vendors\populated.png","C:\HVAC_PRO_MSE\Docs\UI_QA_Baselines\baseline\Vendors\populated.png","Baseline not found"
"Vendors","HVAC_Pro_Desktop.UI.VendorForm","9","True","long-text","PASS_MUTATED_CONTROLS_18","PASS","NO_BASELINE","","C:\HVAC_PRO_MSE\Docs\UI_QA_Baselines\current\Vendors\long-text.png","C:\HVAC_PRO_MSE\Docs\UI_QA_Baselines\baseline\Vendors\long-text.png","Baseline not found"
"Vendors","HVAC_Pro_Desktop.UI.VendorForm","9","True","modal","UNSUPPORTED","PASS","UNSUPPORTED","","C:\HVAC_PRO_MSE\Docs\UI_QA_Baselines\current\Vendors\modal.png","C:\HVAC_PRO_MSE\Docs\UI_QA_Baselines\baseline\Vendors\modal.png","Native module dialog automation is not implemented for this state."
"Vendors","HVAC_Pro_Desktop.UI.VendorForm","9","True","scrolled","PASS_SCROLLED","PASS","NO_BASELINE","","C:\HVAC_PRO_MSE\Docs\UI_QA_Baselines\current\Vendors\scrolled.png","C:\HVAC_PRO_MSE\Docs\UI_QA_Baselines\baseline\Vendors\scrolled.png","Baseline not found"
"Purchases","HVAC_Pro_Desktop.UI.PurchaseForm","10","True","empty","PASS_MUTATED_CONTROLS_10","PASS","NO_BASELINE","","C:\HVAC_PRO_MSE\Docs\UI_QA_Baselines\current\Purchases\empty.png","C:\HVAC_PRO_MSE\Docs\UI_QA_Baselines\baseline\Purchases\empty.png","Baseline not found"
"Purchases","HVAC_Pro_Desktop.UI.PurchaseForm","10","True","populated","PASS_MUTATED_CONTROLS_9","PASS","NO_BASELINE","","C:\HVAC_PRO_MSE\Docs\UI_QA_Baselines\current\Purchases\populated.png","C:\HVAC_PRO_MSE\Docs\UI_QA_Baselines\baseline\Purchases\populated.png","Baseline not found"
"Purchases","HVAC_Pro_Desktop.UI.PurchaseForm","10","True","long-text","PASS_MUTATED_CONTROLS_4","PASS","NO_BASELINE","","C:\HVAC_PRO_MSE\Docs\UI_QA_Baselines\current\Purchases\long-text.png","C:\HVAC_PRO_MSE\Docs\UI_QA_Baselines\baseline\Purchases\long-text.png","Baseline not found"
"Purchases","HVAC_Pro_Desktop.UI.PurchaseForm","10","True","modal","UNSUPPORTED","PASS","UNSUPPORTED","","C:\HVAC_PRO_MSE\Docs\UI_QA_Baselines\current\Purchases\modal.png","C:\HVAC_PRO_MSE\Docs\UI_QA_Baselines\baseline\Purchases\modal.png","Native module dialog automation is not implemented for this state."
"Purchases","HVAC_Pro_Desktop.UI.PurchaseForm","10","True","scrolled","PASS_SCROLLED","PASS","NO_BASELINE","","C:\HVAC_PRO_MSE\Docs\UI_QA_Baselines\current\Purchases\scrolled.png","C:\HVAC_PRO_MSE\Docs\UI_QA_Baselines\baseline\Purchases\scrolled.png","Baseline not found"
"Inventory","HVAC_Pro_Desktop.UI.InventoryForm","11","True","empty","PASS_MUTATED_CONTROLS_10","PASS","NO_BASELINE","","C:\HVAC_PRO_MSE\Docs\UI_QA_Baselines\current\Inventory\empty.png","C:\HVAC_PRO_MSE\Docs\UI_QA_Baselines\baseline\Inventory\empty.png","Baseline not found"
"Inventory","HVAC_Pro_Desktop.UI.InventoryForm","11","True","populated","PASS_MUTATED_CONTROLS_9","PASS","NO_BASELINE","","C:\HVAC_PRO_MSE\Docs\UI_QA_Baselines\current\Inventory\populated.png","C:\HVAC_PRO_MSE\Docs\UI_QA_Baselines\baseline\Inventory\populated.png","Baseline not found"
"Inventory","HVAC_Pro_Desktop.UI.InventoryForm","11","True","long-text","PASS_MUTATED_CONTROLS_4","PASS","NO_BASELINE","","C:\HVAC_PRO_MSE\Docs\UI_QA_Baselines\current\Inventory\long-text.png","C:\HVAC_PRO_MSE\Docs\UI_QA_Baselines\baseline\Inventory\long-text.png","Baseline not found"
"Inventory","HVAC_Pro_Desktop.UI.InventoryForm","11","True","modal","UNSUPPORTED","PASS","UNSUPPORTED","","C:\HVAC_PRO_MSE\Docs\UI_QA_Baselines\current\Inventory\modal.png","C:\HVAC_PRO_MSE\Docs\UI_QA_Baselines\baseline\Inventory\modal.png","Native module dialog automation is not implemented for this state."
"Inventory","HVAC_Pro_Desktop.UI.InventoryForm","11","True","scrolled","PASS_SCROLLED","PASS","NO_BASELINE","","C:\HVAC_PRO_MSE\Docs\UI_QA_Baselines\current\Inventory\scrolled.png","C:\HVAC_PRO_MSE\Docs\UI_QA_Baselines\baseline\Inventory\scrolled.png","Baseline not found"
"Employees","HVAC_Pro_Desktop.UI.EmployeeForm","12","False","empty","PASS_MUTATED_CONTROLS_21","PASS","NO_BASELINE","","C:\HVAC_PRO_MSE\Docs\UI_QA_Baselines\current\Employees\empty.png","C:\HVAC_PRO_MSE\Docs\UI_QA_Baselines\baseline\Employees\empty.png","Baseline not found"
"Employees","HVAC_Pro_Desktop.UI.EmployeeForm","12","False","populated","PASS_MUTATED_CONTROLS_21","PASS","NO_BASELINE","","C:\HVAC_PRO_MSE\Docs\UI_QA_Baselines\current\Employees\populated.png","C:\HVAC_PRO_MSE\Docs\UI_QA_Baselines\baseline\Employees\populated.png","Baseline not found"
"Employees","HVAC_Pro_Desktop.UI.EmployeeForm","12","False","long-text","PASS_MUTATED_CONTROLS_16","PASS","NO_BASELINE","","C:\HVAC_PRO_MSE\Docs\UI_QA_Baselines\current\Employees\long-text.png","C:\HVAC_PRO_MSE\Docs\UI_QA_Baselines\baseline\Employees\long-text.png","Baseline not found"
"Employees","HVAC_Pro_Desktop.UI.EmployeeForm","12","False","modal","UNSUPPORTED","PASS","UNSUPPORTED","","C:\HVAC_PRO_MSE\Docs\UI_QA_Baselines\current\Employees\modal.png","C:\HVAC_PRO_MSE\Docs\UI_QA_Baselines\baseline\Employees\modal.png","Native module dialog automation is not implemented for this state."
"Employees","HVAC_Pro_Desktop.UI.EmployeeForm","12","False","scrolled","PASS_SCROLLED","PASS","NO_BASELINE","","C:\HVAC_PRO_MSE\Docs\UI_QA_Baselines\current\Employees\scrolled.png","C:\HVAC_PRO_MSE\Docs\UI_QA_Baselines\baseline\Employees\scrolled.png","Baseline not found"
"Payroll","HVAC_Pro_Desktop.UI.PayrollForm","13","True","empty","PASS_MUTATED_CONTROLS_9","PASS","NO_BASELINE","","C:\HVAC_PRO_MSE\Docs\UI_QA_Baselines\current\Payroll\empty.png","C:\HVAC_PRO_MSE\Docs\UI_QA_Baselines\baseline\Payroll\empty.png","Baseline not found"
"Payroll","HVAC_Pro_Desktop.UI.PayrollForm","13","True","populated","PASS_MUTATED_CONTROLS_16","PASS","NO_BASELINE","","C:\HVAC_PRO_MSE\Docs\UI_QA_Baselines\current\Payroll\populated.png","C:\HVAC_PRO_MSE\Docs\UI_QA_Baselines\baseline\Payroll\populated.png","Baseline not found"
"Payroll","HVAC_Pro_Desktop.UI.PayrollForm","13","True","long-text","PASS_MUTATED_CONTROLS_9","PASS","NO_BASELINE","","C:\HVAC_PRO_MSE\Docs\UI_QA_Baselines\current\Payroll\long-text.png","C:\HVAC_PRO_MSE\Docs\UI_QA_Baselines\baseline\Payroll\long-text.png","Baseline not found"
"Payroll","HVAC_Pro_Desktop.UI.PayrollForm","13","True","modal","UNSUPPORTED","PASS","UNSUPPORTED","","C:\HVAC_PRO_MSE\Docs\UI_QA_Baselines\current\Payroll\modal.png","C:\HVAC_PRO_MSE\Docs\UI_QA_Baselines\baseline\Payroll\modal.png","Native module dialog automation is not implemented for this state."
"Payroll","HVAC_Pro_Desktop.UI.PayrollForm","13","True","scrolled","PASS_SCROLLED","PASS","NO_BASELINE","","C:\HVAC_PRO_MSE\Docs\UI_QA_Baselines\current\Payroll\scrolled.png","C:\HVAC_PRO_MSE\Docs\UI_QA_Baselines\baseline\Payroll\scrolled.png","Baseline not found"
"GeoIntelligence","HVAC_Pro_Desktop.UI.GeoIntelligenceForm","14","False","empty","PASS_MUTATED_CONTROLS_8","PASS","NO_BASELINE","","C:\HVAC_PRO_MSE\Docs\UI_QA_Baselines\current\GeoIntelligence\empty.png","C:\HVAC_PRO_MSE\Docs\UI_QA_Baselines\baseline\GeoIntelligence\empty.png","Baseline not found"
"GeoIntelligence","HVAC_Pro_Desktop.UI.GeoIntelligenceForm","14","False","populated","PASS_MUTATED_CONTROLS_9","PASS","NO_BASELINE","","C:\HVAC_PRO_MSE\Docs\UI_QA_Baselines\current\GeoIntelligence\populated.png","C:\HVAC_PRO_MSE\Docs\UI_QA_Baselines\baseline\GeoIntelligence\populated.png","Baseline not found"
"GeoIntelligence","HVAC_Pro_Desktop.UI.GeoIntelligenceForm","14","False","long-text","PASS_MUTATED_CONTROLS_3","PASS","NO_BASELINE","","C:\HVAC_PRO_MSE\Docs\UI_QA_Baselines\current\GeoIntelligence\long-text.png","C:\HVAC_PRO_MSE\Docs\UI_QA_Baselines\baseline\GeoIntelligence\long-text.png","Baseline not found"
"GeoIntelligence","HVAC_Pro_Desktop.UI.GeoIntelligenceForm","14","False","modal","UNSUPPORTED","PASS","UNSUPPORTED","","C:\HVAC_PRO_MSE\Docs\UI_QA_Baselines\current\GeoIntelligence\modal.png","C:\HVAC_PRO_MSE\Docs\UI_QA_Baselines\baseline\GeoIntelligence\modal.png","Native module dialog automation is not implemented for this state."
"GeoIntelligence","HVAC_Pro_Desktop.UI.GeoIntelligenceForm","14","False","scrolled","PASS_SCROLLED","PASS","NO_BASELINE","","C:\HVAC_PRO_MSE\Docs\UI_QA_Baselines\current\GeoIntelligence\scrolled.png","C:\HVAC_PRO_MSE\Docs\UI_QA_Baselines\baseline\GeoIntelligence\scrolled.png","Baseline not found"
"Jobs","HVAC_Pro_Desktop.UI.JobManagementForm","15","True","empty","PASS_MUTATED_CONTROLS_15","PASS","NO_BASELINE","","C:\HVAC_PRO_MSE\Docs\UI_QA_Baselines\current\Jobs\empty.png","C:\HVAC_PRO_MSE\Docs\UI_QA_Baselines\baseline\Jobs\empty.png","Baseline not found"
"Jobs","HVAC_Pro_Desktop.UI.JobManagementForm","15","True","populated","PASS_MUTATED_CONTROLS_8","PASS","NO_BASELINE","","C:\HVAC_PRO_MSE\Docs\UI_QA_Baselines\current\Jobs\populated.png","C:\HVAC_PRO_MSE\Docs\UI_QA_Baselines\baseline\Jobs\populated.png","Baseline not found"
"Jobs","HVAC_Pro_Desktop.UI.JobManagementForm","15","True","long-text","PASS_MUTATED_CONTROLS_7","PASS","NO_BASELINE","","C:\HVAC_PRO_MSE\Docs\UI_QA_Baselines\current\Jobs\long-text.png","C:\HVAC_PRO_MSE\Docs\UI_QA_Baselines\baseline\Jobs\long-text.png","Baseline not found"
"Jobs","HVAC_Pro_Desktop.UI.JobManagementForm","15","True","modal","UNSUPPORTED","PASS","UNSUPPORTED","","C:\HVAC_PRO_MSE\Docs\UI_QA_Baselines\current\Jobs\modal.png","C:\HVAC_PRO_MSE\Docs\UI_QA_Baselines\baseline\Jobs\modal.png","Native module dialog automation is not implemented for this state."
"Jobs","HVAC_Pro_Desktop.UI.JobManagementForm","15","True","scrolled","PASS_SCROLLED","PASS","NO_BASELINE","","C:\HVAC_PRO_MSE\Docs\UI_QA_Baselines\current\Jobs\scrolled.png","C:\HVAC_PRO_MSE\Docs\UI_QA_Baselines\baseline\Jobs\scrolled.png","Baseline not found"
"ServiceDesk","HVAC_Pro_Desktop.UI.ServiceDeskForm","16","True","empty","PASS_MUTATED_CONTROLS_17","PASS","NO_BASELINE","","C:\HVAC_PRO_MSE\Docs\UI_QA_Baselines\current\ServiceDesk\empty.png","C:\HVAC_PRO_MSE\Docs\UI_QA_Baselines\baseline\ServiceDesk\empty.png","Baseline not found"
"ServiceDesk","HVAC_Pro_Desktop.UI.ServiceDeskForm","16","True","populated","PASS_MUTATED_CONTROLS_11","PASS","NO_BASELINE","","C:\HVAC_PRO_MSE\Docs\UI_QA_Baselines\current\ServiceDesk\populated.png","C:\HVAC_PRO_MSE\Docs\UI_QA_Baselines\baseline\ServiceDesk\populated.png","Baseline not found"
"ServiceDesk","HVAC_Pro_Desktop.UI.ServiceDeskForm","16","True","long-text","PASS_MUTATED_CONTROLS_8","PASS","NO_BASELINE","","C:\HVAC_PRO_MSE\Docs\UI_QA_Baselines\current\ServiceDesk\long-text.png","C:\HVAC_PRO_MSE\Docs\UI_QA_Baselines\baseline\ServiceDesk\long-text.png","Baseline not found"
"ServiceDesk","HVAC_Pro_Desktop.UI.ServiceDeskForm","16","True","modal","UNSUPPORTED","PASS","UNSUPPORTED","","C:\HVAC_PRO_MSE\Docs\UI_QA_Baselines\current\ServiceDesk\modal.png","C:\HVAC_PRO_MSE\Docs\UI_QA_Baselines\baseline\ServiceDesk\modal.png","Native module dialog automation is not implemented for this state."
"ServiceDesk","HVAC_Pro_Desktop.UI.ServiceDeskForm","16","True","scrolled","PASS_SCROLLED","PASS","NO_BASELINE","","C:\HVAC_PRO_MSE\Docs\UI_QA_Baselines\current\ServiceDesk\scrolled.png","C:\HVAC_PRO_MSE\Docs\UI_QA_Baselines\baseline\ServiceDesk\scrolled.png","Baseline not found"
"MasterData","HVAC_Pro_Desktop.UI.MasterDataForm","17","False","empty","PASS_MUTATED_CONTROLS_0","PASS","NO_BASELINE","","C:\HVAC_PRO_MSE\Docs\UI_QA_Baselines\current\MasterData\empty.png","C:\HVAC_PRO_MSE\Docs\UI_QA_Baselines\baseline\MasterData\empty.png","Baseline not found"
"MasterData","HVAC_Pro_Desktop.UI.MasterDataForm","17","False","populated","PASS_MUTATED_CONTROLS_0","PASS","NO_BASELINE","","C:\HVAC_PRO_MSE\Docs\UI_QA_Baselines\current\MasterData\populated.png","C:\HVAC_PRO_MSE\Docs\UI_QA_Baselines\baseline\MasterData\populated.png","Baseline not found"
"MasterData","HVAC_Pro_Desktop.UI.MasterDataForm","17","False","long-text","PASS_MUTATED_CONTROLS_0","PASS","NO_BASELINE","","C:\HVAC_PRO_MSE\Docs\UI_QA_Baselines\current\MasterData\long-text.png","C:\HVAC_PRO_MSE\Docs\UI_QA_Baselines\baseline\MasterData\long-text.png","Baseline not found"
"MasterData","HVAC_Pro_Desktop.UI.MasterDataForm","17","False","modal","UNSUPPORTED","PASS","UNSUPPORTED","","C:\HVAC_PRO_MSE\Docs\UI_QA_Baselines\current\MasterData\modal.png","C:\HVAC_PRO_MSE\Docs\UI_QA_Baselines\baseline\MasterData\modal.png","Native module dialog automation is not implemented for this state."
"MasterData","HVAC_Pro_Desktop.UI.MasterDataForm","17","False","scrolled","PASS_SCROLLED","PASS","NO_BASELINE","","C:\HVAC_PRO_MSE\Docs\UI_QA_Baselines\current\MasterData\scrolled.png","C:\HVAC_PRO_MSE\Docs\UI_QA_Baselines\baseline\MasterData\scrolled.png","Baseline not found"
"WhatsAppHub","HVAC_Pro_Desktop.UI.WhatsAppHubForm","18","False","empty","PASS_MUTATED_CONTROLS_3","PASS","NO_BASELINE","","C:\HVAC_PRO_MSE\Docs\UI_QA_Baselines\current\WhatsAppHub\empty.png","C:\HVAC_PRO_MSE\Docs\UI_QA_Baselines\baseline\WhatsAppHub\empty.png","Baseline not found"
"WhatsAppHub","HVAC_Pro_Desktop.UI.WhatsAppHubForm","18","False","populated","PASS_MUTATED_CONTROLS_3","PASS","NO_BASELINE","","C:\HVAC_PRO_MSE\Docs\UI_QA_Baselines\current\WhatsAppHub\populated.png","C:\HVAC_PRO_MSE\Docs\UI_QA_Baselines\baseline\WhatsAppHub\populated.png","Baseline not found"
"WhatsAppHub","HVAC_Pro_Desktop.UI.WhatsAppHubForm","18","False","long-text","PASS_MUTATED_CONTROLS_3","PASS","NO_BASELINE","","C:\HVAC_PRO_MSE\Docs\UI_QA_Baselines\current\WhatsAppHub\long-text.png","C:\HVAC_PRO_MSE\Docs\UI_QA_Baselines\baseline\WhatsAppHub\long-text.png","Baseline not found"
"WhatsAppHub","HVAC_Pro_Desktop.UI.WhatsAppHubForm","18","False","modal","UNSUPPORTED","PASS","UNSUPPORTED","","C:\HVAC_PRO_MSE\Docs\UI_QA_Baselines\current\WhatsAppHub\modal.png","C:\HVAC_PRO_MSE\Docs\UI_QA_Baselines\baseline\WhatsAppHub\modal.png","Native module dialog automation is not implemented for this state."
"WhatsAppHub","HVAC_Pro_Desktop.UI.WhatsAppHubForm","18","False","scrolled","PASS_SCROLLED","PASS","NO_BASELINE","","C:\HVAC_PRO_MSE\Docs\UI_QA_Baselines\current\WhatsAppHub\scrolled.png","C:\HVAC_PRO_MSE\Docs\UI_QA_Baselines\baseline\WhatsAppHub\scrolled.png","Baseline not found"
